{
    "Pelicula": [
      {
        "Director": "Quentin Tarantino",
        "Titulo": "Reservoir dogs"
      },
      {
        "Director": "Danny Boyle",
        "Titulo": "Trainspotting"
      },
      {
        "Director": "Christopher Nolan",
        "Titulo": "Batman Begins"
      },
      {
        "Director": "Christopher Nolan",
        "Titulo": "Inception"
      },
      {
        "Director": "Guy Ritchie",
        "Titulo": "Snatch"
      },
      {
        "Director": "Ridley Scott",
        "Titulo": "Gladiator"
      }
    ]
}