{
    "Sugerencia": [
        {
            "nombre": "Ignacio Aguirre Amorena"
        },
        {
            "nombre": "Goizeder Bermejo Balenciaga"
        },
        {
            "nombre": "Borja Bolado Iglesias"
        },
        {
            "nombre": "Alberto Bueno Cruz"
        },
        {
            "nombre": "Andoni de la Iglesia Rodríguez"
        },
        {
            "nombre": "Agoitz Ezkerra Berasategi"
        },
        {
            "nombre": "Mikel García Fuente"
        },
        {
            "nombre": "Leire Garmendia Diaz"
        },
        {
            "nombre": "Eneko Huarte Garin"
        },
        {
            "nombre": "Gorka Larrañaga Ostra"
        }
    ]
}